[
    {
        "user":"admin",
        "password":"admin",
         "name": "Alchemy",
         "type":"admin"
    },
    {
        "user":"rajesh",
        "password":"123",
        "name":"Rajesh",
        "type":"cust"
    },
    {
        "user":"anil",
        "password":"012",
        "name":"Anil",
        "type":"cust"
    },
    {
        "user":"johnny",
        "password":"123",
        "name":"Johnny",
        "type":"cust"
    },
    {
        "user":"emily",
        "password":"123",
        "name":"Emily",
        "type":"cust"

    },
    {
        "user":"sunil",
        "password":"123",
        "name":"Sunil",
        "type":"cust"
    },
    {
        "user":"saif",
        "password":"123",
        "name":"Saif",
        "type":"cust"
    },
    {
        "user":"atifa",
        "password":"123",
        "name":"Atifa",
        "type":"cust"
    }
]